"","year","focal","complexity.plant","parameter","mean.estimate","var.estimate","median.estimate","complexity.animal","abund.sp.mean","abund.sp.median","abund.sp.max","abund.sp.min","mean.adjusted","median.adjusted","var.adjuster","focal.name"
"1","2019","CETE","Funct.Group","Intraspecific",-0.0144274071081006,0.00996805917546601,-0.0147577814703112,"group",0.512254901960784,0.5,1.33333333333333,0,-0.00739051001370838,-0.00755974590023294,0.00510618717566763,"Centaurium  
tenuiflorum"
"2","2019","CETE","Funct.Group","Plant - plant",-0.00942624458937837,0.00301676522316756,-0.0100685900839292,"group",1.69362745098039,1.25,5,0,-0.0159645465962266,-0.0170524405588115,0.00510927639511956,"Centaurium  
tenuiflorum"
"3","2019","CETE","Funct.Group","Plant - herbivore",0.0449366785700438,0.00355071587038839,0.0441295391294306,"group",0.825674019607843,0.260416666666667,5,0,0.0371030480227537,0.0364366139564385,0.00293173384518894,"Centaurium  
tenuiflorum"
"4","2019","CETE","Funct.Group","Plant - pollinator",-0.00141468552203702,0.00961700072943313,-0.00351558047307027,"group",0,0,0,0,0,0,0,"Centaurium  
tenuiflorum"
"5","2019","CETE","Family","Intraspecific",-0.0150108891898623,0.00928275861706321,-0.0141650294164822,"family",0.286764705882353,0.166666666666667,1.16666666666667,0,-0.00430459322356345,-0.00406203049443239,0.00266196754459901,"Centaurium  
tenuiflorum"
"6","2019","CETE","Family","Plant - plant",-0.00788490104231306,0.00314873848080112,-0.00795660392915554,"family",1.69362745098039,1.25,5,0,-0.0133540848535253,-0.0134755228309963,0.00533278992704308,"Centaurium  
tenuiflorum"
"7","2019","CETE","Family","Plant - herbivore",0.0459668529651881,0.00336602826993774,0.0453568405520427,"family",0.825674019607843,0.260416666666667,5,0,0.0379536362564896,0.0374499648553171,0.00277924209175313,"Centaurium  
tenuiflorum"
"8","2019","CETE","Family","Plant - pollinator",0.000729159473853197,0.0107822686400875,-0.00107593760046648,"family",0,0,0,0,0,0,0,"Centaurium  
tenuiflorum"
"9","2019","CETE","Species","Intraspecific",-0.0148214790433514,0.00941375436313966,-0.0144680484332157,"species",0.122549019607843,0,0.833333333333333,0,-0.00181635772590091,-0.00177304515112937,0.00115364636803182,"Centaurium  
tenuiflorum"
"10","2019","CETE","Species","Plant - plant",-0.00896581049830884,0.00318326626408054,-0.0097317120971987,"species",1.69362745098039,1.25,5,0,-0.015184742780224,-0.0164818947528537,0.0053912671286266,"Centaurium  
tenuiflorum"
"11","2019","CETE","Species","Plant - herbivore",0.0458664670787914,0.00355432593579997,0.0433977817168751,"species",0.825674019607843,0.260416666666667,5,0,0.0378707502381565,0.035832420872236,0.00293471458240837,"Centaurium  
tenuiflorum"
"12","2019","CETE","Species","Plant - pollinator",-0.00141811726882147,0.0106933726065225,-0.0021553660374483,"species",0,0,0,0,0,0,0,"Centaurium  
tenuiflorum"
"13","2020","CETE","Funct.Group","Intraspecific",0.0315106724951613,0.00390571252622319,0.0304114284194542,"group",1.26737967914438,1,4,0,0.0399359859965413,0.0385428263925704,0.00495002068831496,"Centaurium  
tenuiflorum"
"14","2020","CETE","Funct.Group","Plant - plant",-0.0146079645354939,0.00162912424011359,-0.0164147442528203,"group",2.02139037433155,2,5,0,-0.029528398900624,-0.0331806060297651,0.00329309605755581,"Centaurium  
tenuiflorum"
"15","2020","CETE","Funct.Group","Plant - herbivore",-0.0320428290257977,0.00592321469644378,-0.0347606907403337,"group",0.106951871657754,0,5,0,-0.00342704053751848,-0.00371772093479504,0.000633498898015377,"Centaurium  
tenuiflorum"
"16","2020","CETE","Funct.Group","Plant - pollinator",0.0570539682551657,0.00265276653920655,0.0566273444128945,"group",0.280748663101604,0,5,0,0.0160178253122792,0.0158980512389142,0.000744760659402908,"Centaurium  
tenuiflorum"
"17","2020","CETE","Family","Intraspecific",0.0293998451709827,0.00398796552986886,0.0295980289116159,"family",0.152406417112299,0,2,0,0.00448072506616581,0.00451092954000563,0.000607791537974666,"Centaurium  
tenuiflorum"
"18","2020","CETE","Family","Plant - plant",-0.0152049014174307,0.00157210607035797,-0.0171572249628636,"family",2.02139037433155,2,5,0,-0.0307350413678545,-0.0346814493901735,0.00317784007804979,"Centaurium  
tenuiflorum"
"19","2020","CETE","Family","Plant - herbivore",-0.0298179974134208,0.00610319826861714,-0.029454107142118,"family",0.106951871657754,0,5,0,-0.00318909063245143,-0.00315017188685754,0.000652748477926966,"Centaurium  
tenuiflorum"
"20","2020","CETE","Family","Plant - pollinator",0.06523043590483,0.0027157844775502,0.0644761197004587,"family",0.254010695187166,0,5,0,0.0165692283715477,0.0163776239880844,0.000689838303121041,"Centaurium  
tenuiflorum"
"21","2020","CETE","Species","Intraspecific",0.0322173869733935,0.00393353740893264,0.0308575518395606,"species",0.00267379679144385,0,0.5,0,8.61427459181645e-05,8.25068231004294e-05,1.05174797030284e-05,"Centaurium  
tenuiflorum"
"22","2020","CETE","Species","Plant - plant",-0.0147353400335296,0.00158203737255351,-0.0164251432224483,"species",2.02139037433155,2,5,0,-0.0297858745062791,-0.0332016264068741,0.00319791511671244,"Centaurium  
tenuiflorum"
"23","2020","CETE","Species","Plant - herbivore",-0.0170286309473916,0.00394810064688333,-0.018503115833646,"species",0.160427807486631,0,5,0,-0.00273186592738902,-0.00296841430486299,0.000633385130516042,"Centaurium  
tenuiflorum"
"24","2020","CETE","Species","Plant - pollinator",0.0652630145868626,0.0028970322100221,0.0635455117833176,"species",0.254010695187166,0,5,0,0.0165775037052191,0.0161412396241047,0.000735877165647326,"Centaurium  
tenuiflorum"
"25","2021","CETE","Funct.Group","Intraspecific",0.0104619064800652,0.00806085180659726,0.0104151142224676,"group",0.590437788018433,0.535714285714286,5,0,0.00617710492054542,0.00614947700347306,0.00475943151023168,"Centaurium  
tenuiflorum"
"26","2021","CETE","Funct.Group","Plant - plant",-0.0149959325151602,0.00470128676741563,-0.0161023384788573,"group",0.856374807987711,0.714285714285714,5,0,-0.012842138828267,-0.0137896370229846,0.00402606355274072,"Centaurium  
tenuiflorum"
"27","2021","CETE","Funct.Group","Plant - herbivore",-0.0129970976617923,0.00650782571916024,-0.0143572827856097,"group",0.122461170848268,0,5,0,-0.00159163979729237,-0.00175820966012544,0.000796955957244832,"Centaurium  
tenuiflorum"
"28","2021","CETE","Funct.Group","Plant - pollinator",-0.0685136428296621,0.00933343530320424,-0.0686326727850898,"group",0.0470430107526882,0,5,0,-0.00322308803634163,-0.00322868756381471,0.000439072897328156,"Centaurium  
tenuiflorum"
"29","2021","CETE","Family","Intraspecific",0.010907673258124,0.00780169540788123,0.0107266390936024,"family",0.192307692307692,0,5,0,0.00209762947271615,0.00206281521030815,0.00150032603997716,"Centaurium  
tenuiflorum"
"30","2021","CETE","Family","Plant - plant",-0.0142654572975517,0.00419316576338374,-0.0147191329722021,"family",0.922249793217535,0.769230769230769,5,0,-0.0131563150428206,-0.0135747173399548,0.0038671462582075,"Centaurium  
tenuiflorum"
"31","2021","CETE","Family","Plant - herbivore",-0.0148918399313421,0.00672121872848513,-0.0171004985611959,"family",0.122461170848268,0,5,0,-0.00182367215407714,-0.00209414707589317,0.000823088315017593,"Centaurium  
tenuiflorum"
"32","2021","CETE","Family","Plant - pollinator",-0.0685970385180599,0.00965440728790243,-0.0692893460638012,"family",0.0470430107526882,0,5,0,-0.00322701122060766,-0.00325957945192613,0.000454172385855625,"Centaurium  
tenuiflorum"
"33","2021","CETE","Species","Intraspecific",0.00866940985050685,0.00727574371140946,0.00676880628310739,"species",0.00827129859387924,0,1.34615384615385,0,7.17072775062602e-05,5.59868178917071e-05,6.01798487296068e-05,"Centaurium  
tenuiflorum"
"34","2021","CETE","Species","Plant - plant",-0.0149037402974251,0.00442192375965292,-0.0154604962579857,"species",0.922249793217535,0.769230769230769,5,0,-0.0137449714074681,-0.0142584394769678,0.00407811827296361,"Centaurium  
tenuiflorum"
"35","2021","CETE","Species","Plant - herbivore",-0.0145728974218878,0.00635295982983451,-0.0156471484511262,"species",0.122461170848268,0,5,0,-0.00178461408093608,-0.00191616811976158,0.000777990899113545,"Centaurium  
tenuiflorum"
"36","2021","CETE","Species","Plant - pollinator",-0.0682678562089733,0.00946855824693089,-0.0700915792706625,"species",0.0470430107526882,0,5,0,-0.0032115254937017,-0.00329731891730267,0.000445429487422824,"Centaurium  
tenuiflorum"
"37","2019","LEMA","Funct.Group","Intraspecific",0.00493374405912566,0.0100722280709455,0.00281695458507925,"group",0.194540229885057,0.0833333333333333,1.25,0,0.000959811703456343,0.000548010992557084,0.00195945356437646,"Leontodon 
maroccanus"
"38","2019","LEMA","Funct.Group","Plant - plant",-0.176326503989906,0.00519842563213173,-0.176978325524185,"group",1.82298850574713,1.66666666666667,5,0,-0.321441190032173,-0.322629453196963,0.00947667017535739,"Leontodon 
maroccanus"
"39","2019","LEMA","Funct.Group","Plant - herbivore",-0.0833464769368201,0.00366897647549728,-0.0848066528409673,"group",0.681034482758621,0.277777777777778,5,0,-0.0567618248104206,-0.057756254952038,0.00249869949624384,"Leontodon 
maroccanus"
"40","2019","LEMA","Funct.Group","Plant - pollinator",0.0362657470013252,0.00328656525528044,0.034611584742777,"group",0.629310344827586,0,5,0,0.022822409750834,0.0217814283295062,0.0020682695140989,"Leontodon 
maroccanus"
"41","2019","LEMA","Family","Intraspecific",0.0034789110608851,0.00970474413172403,0.00122448992096069,"family",0.0218390804597701,0,0.666666666666667,0,7.59762185710539e-05,2.67417339060381e-05,0.000211942687934203,"Leontodon 
maroccanus"
"42","2019","LEMA","Family","Plant - plant",-0.180173031850017,0.00526281585255243,-0.180065210030889,"family",1.82298850574713,1.66666666666667,5,0,-0.328453366108192,-0.328256808171254,0.00959405280706685,"Leontodon 
maroccanus"
"43","2019","LEMA","Family","Plant - herbivore",-0.0942716845878334,0.00423306024870087,-0.0949734830507004,"family",0.396551724137931,0,5,0,-0.0373835990606925,-0.0376618984511398,0.00167862734000207,"Leontodon 
maroccanus"
"44","2019","LEMA","Family","Plant - pollinator",0.0377934554583878,0.00317437022285109,0.0361219778633086,"family",0.612068965517241,0,5,0,0.0231322011857374,0.022109141623232,0.0019429334984692,"Leontodon 
maroccanus"
"45","2019","LEMA","Species","Intraspecific",-0.000425801945968512,0.0103163538858142,0.000703795087717674,"species",0.0137931034482759,0,0.333333333333333,0,-5.87313028922085e-06,9.70751845127826e-06,0.000142294536356058,"Leontodon 
maroccanus"
"46","2019","LEMA","Species","Plant - plant",-0.325346928067724,0.00247918815680278,-0.326692203294387,"species",1.82298850574713,1.66666666666667,5,0,-0.593103710247599,-0.595556131522871,0.00451953151343588,"Leontodon 
maroccanus"
"47","2019","LEMA","Species","Plant - herbivore",-0.0830969135290952,0.0041330930800268,-0.0833928843386451,"species",0.437931034482759,0,5,0,-0.036390717304121,-0.0365203321069239,0.00181000972814967,"Leontodon 
maroccanus"
"48","2019","LEMA","Species","Plant - pollinator",0.00530177453311291,0.0016244572346912,0.0050572141586305,"species",1.2801724137931,0.625,5,0,0.00678718550144196,0.00647410605652266,0.00207958533923831,"Leontodon 
maroccanus"
"49","2020","LEMA","Funct.Group","Intraspecific",0.0056192328494725,0.00746802980292108,0.00513289757897262,"group",0.625925925925926,0.25,3.5,0,0.00351722352429946,0.00321281366980138,0.00467443346923578,"Leontodon 
maroccanus"
"50","2020","LEMA","Funct.Group","Plant - plant",-0.111120874311744,0.00338606251180288,-0.110708428571472,"group",1.30277777777778,1,5,0,-0.144765805700578,-0.144228480555612,0.00441128699454319,"Leontodon 
maroccanus"
"51","2020","LEMA","Funct.Group","Plant - herbivore",0.316516087591344,0.00451777468616067,0.315923096003765,"group",0.970899470899471,0.714285714285714,5,0,0.307305301973606,0.306729566754978,0.00438630505243642,"Leontodon 
maroccanus"
"52","2020","LEMA","Funct.Group","Plant - pollinator",0.111212400913927,0.0034372877170346,0.110437400003997,"group",0.44949494949495,0,5,0,0.0499894125320177,0.0496410535371502,0.00154504346876808,"Leontodon 
maroccanus"
"53","2020","LEMA","Family","Intraspecific",0.000335120101293086,0.0077975256158807,0.00117424374496544,"family",0.174074074074074,0,3.5,0,5.83357213362039e-05,0.000204405392642133,0.00135734705165331,"Leontodon 
maroccanus"
"54","2020","LEMA","Family","Plant - plant",-0.12564711654829,0.00368703344613794,-0.125261920664662,"family",1.30277777777778,1,5,0,-0.163690271280967,-0.163188446643685,0.00480338523955193,"Leontodon 
maroccanus"
"55","2020","LEMA","Family","Plant - herbivore",0.302272094584923,0.00444605033866834,0.303363760490367,"family",0.889660493827161,0.416666666666667,5,0,0.268919540938593,0.269890752967124,0.00395547533988009,"Leontodon 
maroccanus"
"56","2020","LEMA","Family","Plant - pollinator",0.0655628022462023,0.00389353144411107,0.0652431375113534,"family",0.44949494949495,0,5,0,0.0294701484844041,0.0293264608005578,0.0017501227198277,"Leontodon 
maroccanus"
"57","2020","LEMA","Species","Intraspecific",-0.00141325903234174,0.00773569660743396,0.000394029732795342,"species",0.00277777777777778,0,0.25,0,-3.92571953428262e-06,1.09452703554262e-06,2.1488046131761e-05,"Leontodon 
maroccanus"
"58","2020","LEMA","Species","Plant - plant",-0.154202630050401,0.00355398406116878,-0.154066285708416,"species",1.30277777777778,1,5,0,-0.20089175970455,-0.200714133325686,0.0046300514574671,"Leontodon 
maroccanus"
"59","2020","LEMA","Species","Plant - herbivore",0.355926699544433,0.00336777846184198,0.355549666902173,"species",0.905092592592593,0.520833333333333,5,0,0.322146619263595,0.321805369811921,0.00304815133930605,"Leontodon 
maroccanus"
"60","2020","LEMA","Species","Plant - pollinator",0.0949795084229002,0.00289491407738637,0.0935535492810421,"species",0.85016835016835,0.454545454545455,5,0,0.080748571975698,0.079536266644657,0.0024611643250507,"Leontodon 
maroccanus"
"61","2021","LEMA","Funct.Group","Intraspecific",-0.201971335045328,0.00798242019128553,-0.202268354587736,"group",0.489583333333333,0.166666666666667,5,0,-0.0988817994492749,-0.0990272152669124,0.00390805988531687,"Leontodon 
maroccanus"
"62","2021","LEMA","Funct.Group","Plant - plant",-0.245627907129076,0.00262613030978758,-0.246413182759215,"group",0.974537037037037,0.833333333333333,5,0,-0.239373492827178,-0.240138773013031,0.00255926125097354,"Leontodon 
maroccanus"
"63","2021","LEMA","Funct.Group","Plant - herbivore",0.0304968791977179,0.0028195415123398,0.0303280706808663,"group",0.650531045751634,0.411764705882353,5,0,0.0198391667166527,0.0197293515356534,0.00183419928856255,"Leontodon 
maroccanus"
"64","2021","LEMA","Funct.Group","Plant - pollinator",0.180821777222513,0.00339147345599523,0.181942228131477,"group",0.470328282828283,0.227272727272727,5,0,0.0850455959790227,0.0855725757310293,0.00159510588681594,"Leontodon 
maroccanus"
"65","2021","LEMA","Family","Intraspecific",-0.185647592727497,0.00845170276530564,-0.185584809834124,"family",0.0729166666666667,0,5,0,-0.01353680363638,-0.0135322257170715,0.000616269993303536,"Leontodon 
maroccanus"
"66","2021","LEMA","Family","Plant - plant",-0.23203993877347,0.00235036021546588,-0.232542893978359,"family",0.974537037037037,0.833333333333333,5,0,-0.226131514406553,-0.226621662881688,0.00229051308034985,"Leontodon 
maroccanus"
"67","2021","LEMA","Family","Plant - herbivore",0.0484659004562572,0.00276966034693307,0.0481977452307369,"family",0.670308265582656,0.426829268292683,5,0,0.0324870936747354,0.0323073470106099,0.00185652622340576,"Leontodon 
maroccanus"
"68","2021","LEMA","Family","Plant - pollinator",0.0617423029698875,0.00252767656003456,0.0601935993555316,"family",0.574652777777778,0,5,0,0.035480385908043,0.0345904190740989,0.00145253635654764,"Leontodon 
maroccanus"
"69","2021","LEMA","Species","Intraspecific",-0.202729002150764,0.00817876325036924,-0.20284574412883,"species",0.00462962962962963,0,0.333333333333333,0,-0.000938560195142424,-0.000939100667263102,3.78646446776354e-05,"Leontodon 
maroccanus"
"70","2021","LEMA","Species","Plant - plant",-0.251608659712075,0.00249511428644401,-0.251678370395685,"species",0.974537037037037,0.833333333333333,5,0,-0.245201957728665,-0.245269893371721,0.00243158128377993,"Leontodon 
maroccanus"
"71","2021","LEMA","Species","Plant - herbivore",0.0231543393685653,0.00290332038443265,0.0218865287575611,"species",0.674119241192412,0.426829268292683,5,0,0.0156087856854488,0.014754130158383,0.0019571841344922,"Leontodon 
maroccanus"
"72","2021","LEMA","Species","Plant - pollinator",0.193211875024703,0.00298209143745447,0.192275155069372,"species",0.548453282828283,0.454545454545455,5,0,0.105967687138707,0.105453940004114,0.00163553783856602,"Leontodon 
maroccanus"
"73","2019","HOMA","Funct.Group","Intraspecific",0.0342123932942271,0.00154415545864888,0.0331308470864203,"group",0.187753036437247,0.125,1,0,0.00642348072477645,0.00622041714021354,0.000289919876092476,"Hordeum 
marinum"
"74","2019","HOMA","Funct.Group","Plant - plant",0.0395599872114163,0.00510345198194112,0.0382556377441284,"group",0.535931174089069,0.25,2.75,0,0.0212014303931629,0.0205023888517369,0.00273509901258889,"Hordeum 
marinum"
"75","2019","HOMA","Funct.Group","Plant - herbivore",-0.00532957565106197,0.00331391137335719,-0.00683090393909517,"group",0.849438545565656,0.566037735849057,5,0,-0.00452714698952022,-0.00580243310692371,0.00281496405711802,"Hordeum 
marinum"
"76","2019","HOMA","Funct.Group","Plant - pollinator",-0.00104703145518575,0.0100837845798744,-0.00174496823647594,"group",0,0,0,0,0,0,0,"Hordeum 
marinum"
"77","2019","HOMA","Family","Intraspecific",0.0356055869946303,0.00158317512005427,0.0344057028239838,"family",0.00657894736842105,0,0.375,0,0.00023424728285941,0.000226353308052525,1.04156257898307e-05,"Hordeum 
marinum"
"78","2019","HOMA","Family","Plant - plant",0.0415818758647773,0.0053685601499106,0.0407736187006816,"family",0.535931174089069,0.25,2.75,0,0.022285023553036,0.0218518533421163,0.00287717874430938,"Hordeum 
marinum"
"79","2019","HOMA","Family","Plant - herbivore",-0.0136408322948329,0.00344071030832614,-0.0135730816060588,"family",0.811663033322952,0.576923076923077,5,0,-0.0110717593174738,-0.0110167685879137,0.00279269736564154,"Hordeum 
marinum"
"80","2019","HOMA","Family","Plant - pollinator",-0.0033330364731481,0.00952160164631934,-0.00342787759807299,"family",0,0,0,0,0,0,0,"Hordeum 
marinum"
"81","2019","HOMA","Species","Intraspecific",0.0357785912501931,0.0016297598925536,0.0348650671453723,"species",0.00657894736842105,0,0.375,0,0.00023538546875127,0.00022937544174587,1.07221045562737e-05,"Hordeum 
marinum"
"82","2019","HOMA","Species","Plant - plant",0.0417119962534262,0.0054366685857669,0.0417159337665123,"species",0.535931174089069,0.25,2.5,0,0.0223547591256976,0.0223568693617088,0.00291368017830321,"Hordeum 
marinum"
"83","2019","HOMA","Species","Plant - herbivore",-0.0106173706328741,0.00315958768661194,-0.011172780252879,"species",0.835409529741514,0.576923076923077,5,0,-0.00886985260750073,-0.00933384709696296,0.00263954966344956,"Hordeum 
marinum"
"84","2019","HOMA","Species","Plant - pollinator",-2.96744176919097e-07,0.00967037990324187,-0.000308504714565802,"species",0,0,0,0,0,0,0,"Hordeum 
marinum"
"85","2020","HOMA","Funct.Group","Intraspecific",-0.123361920067097,0.0033008287701299,-0.12442743513923,"group",0.893470790378007,0.694444444444444,5,0,-0.110220272224898,-0.111172278818556,0.00294919409015043,"Hordeum 
marinum"
"86","2020","HOMA","Funct.Group","Plant - plant",0.0549211057622422,0.00340191544268123,0.054020859519455,"group",1.00515463917526,0.833333333333333,5,0,0.0552042042455527,0.0542993175582151,0.00341945108929299,"Hordeum 
marinum"
"87","2020","HOMA","Funct.Group","Plant - herbivore",-0.00638963178165615,0.00367535070661607,-0.00680392330125876,"group",0.79160530191458,0.357142857142857,5,0,-0.00505806639564091,-0.00538602175909659,0.00290942710575278,"Hordeum 
marinum"
"88","2020","HOMA","Funct.Group","Plant - pollinator",-0.000381054812205412,0.00929977147161944,0.000706377104693132,"group",0,0,0,0,0,0,0,"Hordeum 
marinum"
"89","2020","HOMA","Family","Intraspecific",-0.129855465885241,0.00347518871245082,-0.130519728863663,"family",0.191867124856816,0,3.05555555555556,0,-0.0249149948863435,-0.0250424451141621,0.000666774466592798,"Hordeum 
marinum"
"90","2020","HOMA","Family","Plant - plant",0.0525050353285082,0.0034142471236524,0.0513459048346471,"family",1.00515463917526,0.833333333333333,3.05555555555556,0,0.0527756798405108,0.0516105744471968,0.00343184633562999,"Hordeum 
marinum"
"91","2020","HOMA","Family","Plant - herbivore",0.00688193120104824,0.00269719311147003,0.00677568420984549,"family",0.979381443298969,0.5,5,0,0.00674003571236683,0.00663597938077651,0.00264158088236756,"Hordeum 
marinum"
"92","2020","HOMA","Family","Plant - pollinator",-0.00103352009124742,0.0102412271672568,0.00136426894557728,"family",0,0,0,0,0,0,0,"Hordeum 
marinum"
"93","2020","HOMA","Species","Intraspecific",-0.124907046249976,0.00333885837291292,-0.125079576122127,"species",0.128865979381443,0,1.11111111111111,0,-0.0160962688466464,-0.0161185020775936,0.000430265254241355,"Hordeum 
marinum"
"94","2020","HOMA","Species","Plant - plant",0.0511424063693733,0.00341120337692639,0.0486649835212855,"species",1.00515463917526,0.833333333333333,3.05555555555556,0,0.0514060270207618,0.0489158339518075,0.00342878689948786,"Hordeum 
marinum"
"95","2020","HOMA","Species","Plant - herbivore",-0.00664532913535036,0.00330835515756116,-0.00801478800609414,"species",0.834655035685964,0.384615384615385,5,0,-0.00554655742661083,-0.00668958316924194,0.00276133529209605,"Hordeum 
marinum"
"96","2020","HOMA","Species","Plant - pollinator",-0.000308113074374146,0.010085024508429,0.000385130843775047,"species",0,0,0,0,0,0,0,"Hordeum 
marinum"
"97","2021","HOMA","Funct.Group","Intraspecific",-0.126156316474013,0.0047711938381432,-0.125730748641338,"group",0.625819134993447,0.535714285714286,5,0,-0.0789510368497262,-0.0786847083568006,0.00298590440067284,"Hordeum 
marinum"
"98","2021","HOMA","Funct.Group","Plant - plant",-0.0550776765486614,0.0044915032979007,-0.056191430025768,"group",0.675786369593709,0.535714285714286,5,0,-0.0372207430804764,-0.0379734024993927,0.00303529670770649,"Hordeum 
marinum"
"99","2021","HOMA","Funct.Group","Plant - herbivore",0.11384194566309,0.00387444421711247,0.11394555453297,"group",0.414724018649421,0.040983606557377,5,0,0.0472129891962656,0.0472559582831499,0.00160682507575389,"Hordeum 
marinum"
"100","2021","HOMA","Funct.Group","Plant - pollinator",0.0245516072593649,0.0059667208579599,0.0221788831975652,"group",0.0458715596330275,0,5,0,0.00112622051648463,0.00101737996319106,0.000273702791649537,"Hordeum 
marinum"
"101","2021","HOMA","Family","Intraspecific",-0.120616960733709,0.00334463316871145,-0.119995198189318,"family",0.0698995194408038,0,1.66666666666667,0,-0.00843106759169654,-0.00838760668863734,0.000233788251198703,"Hordeum 
marinum"
"102","2021","HOMA","Family","Plant - plant",-0.051848282207881,0.00286975823739712,-0.0529718573946983,"family",0.901048492791612,0.714285714285714,3.80952380952381,0,-0.0467178165372453,-0.0477302122658651,0.00258579133448299,"Hordeum 
marinum"
"103","2021","HOMA","Family","Plant - herbivore",0.122227603376808,0.00373879831149748,0.121677534653552,"family",0.413784027673334,0.040983606557377,5,0,0.0505758300181145,0.0503482203663085,0.00154705502398969,"Hordeum 
marinum"
"104","2021","HOMA","Family","Plant - pollinator",0.000409793134012147,0.0104862850794018,-0.00136451914296678,"family",0,0,0,0,0,0,0,"Hordeum 
marinum"
"105","2021","HOMA","Species","Intraspecific",-0.118716979205178,0.00347161479133405,-0.119168616778307,"species",0.00218435998252512,0,0.238095238095238,0,-0.000259320618622058,-0.000260307157663405,7.58325642493239e-06,"Hordeum 
marinum"
"106","2021","HOMA","Species","Plant - plant",-0.050903805698196,0.00316428387413237,-0.0526272334509859,"species",0.901048492791612,0.714285714285714,3.57142857142857,0,-0.0458667974017166,-0.0474196893808031,0.00285117321555178,"Hordeum 
marinum"
"107","2021","HOMA","Species","Plant - herbivore",0.121634703813955,0.00406016698850778,0.121022690069598,"species",0.415288013235073,0.040983606557377,5,0,0.0505134344873341,0.0502592725153675,0.00168613868206002,"Hordeum 
marinum"
"108","2021","HOMA","Species","Plant - pollinator",0.0225311831000719,0.00587945123339931,0.0219853962581212,"species",0.0458715596330275,0,5,0,0.00103354050917761,0.00100850441551015,0.000269699597862354,"Hordeum 
marinum"
"109","2019","CHFU","Funct.Group","Intraspecific",-0.0342565314632661,0.00929549893312322,-0.0351718260494049,"group",0.155952380952381,0.1,1,0,-0.00534238764486649,-0.00548513001484767,0.00144965519076088,"Chamaemelum 
fuscatum"
"110","2019","CHFU","Funct.Group","Plant - plant",-0.221399155981183,0.00474035877852776,-0.223037465554051,"group",1.23809523809524,1.2,5,0,-0.274113240738608,-0.276141624019301,0.00586901563055818,"Chamaemelum 
fuscatum"
"111","2019","CHFU","Funct.Group","Plant - herbivore",-0.044679385348021,0.00676345166520115,-0.0464163783188509,"group",0.105820105820106,0,5,0,-0.00472797728550486,-0.00491178606548687,0.000715709170920757,"Chamaemelum 
fuscatum"
"112","2019","CHFU","Funct.Group","Plant - pollinator",0.0369290877997781,0.00395652856906146,0.035124244420403,"group",0.520833333333333,0,5,0,0.0192338998957178,0.0182938773022932,0.00206069196305284,"Chamaemelum 
fuscatum"
"113","2019","CHFU","Family","Intraspecific",-0.0344631588280669,0.00984095114973199,-0.0330809574409742,"family",0.00198412698412698,0,0.3,0,-6.83792833890217e-05,-6.56368203193932e-05,1.95256967256587e-05,"Chamaemelum 
fuscatum"
"114","2019","CHFU","Family","Plant - plant",-0.21913675308315,0.00442086804858175,-0.221182285588353,"family",1.23809523809524,1.2,5,0,-0.271312170483899,-0.27384473453796,0.00547345567919646,"Chamaemelum 
fuscatum"
"115","2019","CHFU","Family","Plant - herbivore",-0.0196106971067246,0.00799007418455624,-0.0205337020430501,"family",0.0623582766439909,0,5,0,-0.00122288927536265,-0.0012804462725258,0.000498247256406568,"Chamaemelum 
fuscatum"
"116","2019","CHFU","Family","Plant - pollinator",0.0311567109667916,0.00417994267268569,0.0309223733075563,"family",0.470521541950113,0,5,0,0.0146599036861888,0.0145496427694284,0.00196675307161515,"Chamaemelum 
fuscatum"
"117","2019","CHFU","Species","Intraspecific",-0.0349752979773419,0.00921717601380095,-0.0366713546475917,"species",0.00119047619047619,0,0.2,0,-4.16372594968356e-05,-4.36563745804663e-05,1.09728285878583e-05,"Chamaemelum 
fuscatum"
"118","2019","CHFU","Species","Plant - plant",-0.218546927660413,0.00473769665556265,-0.218194829148334,"species",1.23809523809524,1.2,5,0,-0.270581910436702,-0.270145978945556,0.00586571966879186,"Chamaemelum 
fuscatum"
"119","2019","CHFU","Species","Plant - herbivore",-0.0284578225792223,0.00827795990118832,-0.0305063949352052,"species",0.0538548752834467,0,5,0,-0.00153259248584247,-0.00164291809458305,0.00044580849807987,"Chamaemelum 
fuscatum"
"120","2019","CHFU","Species","Plant - pollinator",0.0345408450178113,0.00342240189656559,0.0328862695987273,"species",0.600907029478458,0,5,0,0.0207558365753288,0.0197615905751989,0.00205654535734667,"Chamaemelum 
fuscatum"
"121","2020","CHFU","Funct.Group","Intraspecific",-0.0205831989187433,0.00955273074455618,-0.019135267909858,"group",0.845428156748911,0.769230769230769,5,0,-0.0174016159218694,-0.0161774942779279,0.00807614754528879,"Chamaemelum 
fuscatum"
"122","2020","CHFU","Funct.Group","Plant - plant",-0.223947439164823,0.00577948516520073,-0.225795892190244,"group",1.15747460087083,0.961538461538462,5,0,-0.259213472763347,-0.261353010191175,0.00668960728482958,"Chamaemelum 
fuscatum"
"123","2020","CHFU","Funct.Group","Plant - herbivore",-0.0312463775788194,0.00815681990411035,-0.031086236218621,"group",0.227382680212869,0,5,0,-0.00710488508081524,-0.00706847170912041,0.00185471957181029,"Chamaemelum 
fuscatum"
"124","2020","CHFU","Funct.Group","Plant - pollinator",0.076136204914362,0.0046232766307717,0.075455033738719,"group",0.569182389937107,0.5,5,0,0.0433353870738979,0.0429476764361891,0.00263148764204301,"Chamaemelum 
fuscatum"
"125","2020","CHFU","Family","Intraspecific",-0.0195724519066049,0.0102198691301913,-0.020532627313662,"family",0.134252539912917,0,5,0,-0.00262765138078513,-0.00275655736794447,0.0013720433883058,"Chamaemelum 
fuscatum"
"126","2020","CHFU","Family","Plant - plant",-0.220517832393309,0.00588197521382301,-0.220466051436563,"family",1.15747460087083,0.961538461538462,5,0,-0.255243790034346,-0.255183854892103,0.00680823691295188,"Chamaemelum 
fuscatum"
"127","2020","CHFU","Family","Plant - herbivore",0.0204411290007547,0.007955582242611,0.0199826710360142,"family",0.060272536687631,0,5,0,0.00123203869763459,0.00120440627313502,0.000479503122589237,"Chamaemelum 
fuscatum"
"128","2020","CHFU","Family","Plant - pollinator",0.0527835916263777,0.00521269681972776,0.0526550113042798,"family",0.484276729559748,0,5,0,0.0255618651272395,0.0254995966693682,0.00252438776804426,"Chamaemelum 
fuscatum"
"129","2020","CHFU","Species","Intraspecific",-0.0207770421503927,0.0103020093344094,-0.020397715349812,"species",0.00241896468311563,0,0.192307692307692,0,-5.02589311814047e-05,-4.93413530474407e-05,2.49201967450638e-05,"Chamaemelum 
fuscatum"
"130","2020","CHFU","Species","Plant - plant",-0.219658020275742,0.00570927618873609,-0.221253720775367,"species",1.15747460087083,0.961538461538462,5,0,-0.254248579346741,-0.256095562145653,0.00660834217781862,"Chamaemelum 
fuscatum"
"131","2020","CHFU","Species","Plant - herbivore",0.0087879868531906,0.00763747430386638,0.00715412177029903,"species",0.10482180293501,0,5,0,0.000921172626120608,0.000749907942379353,0.000800573826401088,"Chamaemelum 
fuscatum"
"132","2020","CHFU","Species","Plant - pollinator",0.0502606901417264,0.00403002023693103,0.0486937494096887,"species",0.786163522012579,0.5,5,0,0.0395131211806025,0.0382812495359188,0.00316825490324767,"Chamaemelum 
fuscatum"
"133","2021","CHFU","Funct.Group","Intraspecific",-0.0537608752427369,0.00859267959763459,-0.052837155814774,"group",1.25052631578947,1.05263157894737,5,0,-0.0672293892509173,-0.0660742537978437,0.0107453719599894,"Chamaemelum 
fuscatum"
"134","2021","CHFU","Funct.Group","Plant - plant",-0.0420922844670648,0.00464369054164884,-0.0428981616025992,"group",1.76,1.57894736842105,5,0,-0.0740824206620341,-0.0755007644205746,0.00817289535330196,"Chamaemelum 
fuscatum"
"135","2021","CHFU","Funct.Group","Plant - herbivore",-0.0219845679890612,0.00665738211063821,-0.0232348660427998,"group",0.16,0,5,0,-0.00351753087824978,-0.00371757856684798,0.00106518113770211,"Chamaemelum 
fuscatum"
"136","2021","CHFU","Funct.Group","Plant - pollinator",0.0961818348773224,0.00342408408260352,0.0947553285234457,"group",1.23666666666667,0.833333333333333,5,0,0.118944869131622,0.117180756273995,0.00423445064881969,"Chamaemelum 
fuscatum"
"137","2021","CHFU","Family","Intraspecific",-0.0647794823550615,0.00821371179217287,-0.0655650965097355,"family",0.0853333333333333,0,4.33333333333333,0,-0.00552784916096525,-0.00559488823549743,0.000700903406265419,"Chamaemelum 
fuscatum"
"138","2021","CHFU","Family","Plant - plant",-0.0487791109656423,0.00314704270831929,-0.0490640576981395,"family",2.22933333333333,2,5,0,-0.108744898046072,-0.109380139295052,0.0070158072110798,"Chamaemelum 
fuscatum"
"139","2021","CHFU","Family","Plant - herbivore",0.114658142805033,0.0070281345426078,0.110719969821757,"family",0.113333333333333,0,5,0,0.0129945895179038,0.0125482632464658,0.000796521914828884,"Chamaemelum 
fuscatum"
"140","2021","CHFU","Family","Plant - pollinator",0.0642768097125225,0.00263260410180514,0.0632648624738506,"family",0.776,0,5,0,0.0498788043369174,0.0490935332797081,0.00204290078300079,"Chamaemelum 
fuscatum"
"141","2021","CHFU","Species","Intraspecific",-0.0670738800751943,0.00851277924852873,-0.0663984301577402,"species",0.016,0,1,0,-0.00107318208120311,-0.00106237488252384,0.00013620446797646,"Chamaemelum 
fuscatum"
"142","2021","CHFU","Species","Plant - plant",-0.0377305209725312,0.00328514839442403,-0.0394396761288696,"species",2.22933333333333,2,5,0,-0.0841139080880961,-0.08792418464996,0.00732369082063598,"Chamaemelum 
fuscatum"
"143","2021","CHFU","Species","Plant - herbivore",0.0717054463461315,0.00628901122171572,0.0722635032302445,"species",0.233333333333333,0,5,0,0.0167312708140974,0.016861484087057,0.00146743595173367,"Chamaemelum 
fuscatum"
"144","2021","CHFU","Species","Plant - pollinator",0.0721085796461159,0.00202187638635383,0.0715255616564355,"species",1.855,1.25,5,0,0.133761415243545,0.132679916872688,0.00375058069668635,"Chamaemelum 
fuscatum"
